{"stat.chestOpened":10,"stat.walkOneCm":186929,"stat.pickup.minecraft.bone":2,"stat.pickup.securitycraft.motion_activated_light":1,"stat.leaveGame":4,"stat.pickup.securitycraft.sentry":1,"stat.pickup.mw.mkvi_main_boots":1,"stat.useItem.securitycraft.sentry":1,"stat.pickup.betterbuilderswands.wandunbreakable":1,"stat.jump":331,"stat.swimOneCm":49,"stat.pickup.mw.electric_box_opened":1,"stat.climbOneCm":1077,"stat.fallOneCm":756,"stat.pickup.mw.explosive_barrel":1,"stat.crouchOneCm":4419,"stat.sprintOneCm":66176,"stat.useItem.minecraft.stone_slab2":1819,"stat.pickup.minecraft.rotten_flesh":1,"stat.killEntity.Skeleton":1,"stat.pickup.mw.mkv_default_odst_helmet":1,"stat.pickup.mw.bullet9x19mm":2,"stat.pickup.biomesoplenty.grass":1,"stat.useItem.securitycraft.keypad_item":5,"stat.pickup.mw.mkvi_main_chest":1,"stat.damageTaken":260,"stat.mobKills":10,"stat.pickup.mw.bfgammo":60,"stat.pickup.minecraft.diamond_leggings":1,"stat.flyOneCm":841014,"stat.deaths":1,"stat.pickup.minecraft.wheat_seeds":2,"stat.pickup.minecraft.egg":2,"stat.useItem.minecraft.writable_book":5,"stat.playOneMinute":128175,"stat.pickup.biomesoplenty.dirt":32,"stat.pickup.minecraft.torch":3,"stat.killEntity.Sheep":8,"stat.sneakTime":2595,"stat.pickup.minecraft.wool":3,"stat.timeSinceDeath":5024,"stat.pickup.minecraft.iron_bars":1,"stat.useItem.minecraft.spawn_egg":7,"stat.pickup.minecraft.stained_hardened_clay":4,"stat.killEntity.Pig":1,"stat.pickup.minecraft.mutton":2,"stat.diveOneCm":161,"stat.pickup.securitycraft.secret_sign_item":1}