{"stat.pickup.minecraft.bone":2,"stat.drop.mw.srs99":1,"stat.leaveGame":14,"stat.killEntity.raider":5,"stat.useItem.mw.crimsonblood":4,"stat.swimOneCm":9529,"stat.climbOneCm":795,"stat.pickup.minecraft.glass":2,"stat.useItem.minecraft.dirt":6,"stat.useItem.minecraft.stone_slab2":3572,"stat.useItem.minecraft.water_bucket":9,"stat.pickup.minecraft.rotten_flesh":6,"stat.flyOneCm":2178840,"stat.pickup.dynamictrees.spruceseed":3,"stat.useItem.mw.bipod":3,"stat.timeSinceDeath":40343,"stat.useItem.minecraft.spawn_egg":10,"stat.cauldronFilled":1,"stat.drop.dynamictreesbop.oakdyingseed":1,"stat.pickup.minecraft.mutton":1,"stat.useItem.minecraft.iron_shovel":93,"stat.mineBlock.biomesoplenty.dirt":2,"stat.pickup.minecraft.light_weighted_pressure_plate":1,"stat.pickup.mw.m40a6mag_2":1,"stat.pickup.minecraft.string":1,"stat.pickup.minecraft.filled_map":3,"stat.pickup.dynamictreesbop.oakdyingseed":2,"stat.killEntity.Squid":7,"stat.sprintOneCm":36100,"stat.pickup.mw.mkvi_main_chest":1,"stat.pickup.minecraft.spawn_egg":1,"stat.deaths":3,"stat.drop":8,"stat.playOneMinute":526003,"stat.killEntity.Sheep":4,"stat.pickup.mw.ncr_helmet":2,"stat.killEntity.Zombie":5,"stat.mineBlock.minecraft.tallgrass":3,"stat.diveOneCm":10283,"stat.chestOpened":15,"stat.pickup.minecraft.sign":2,"stat.useItem.minecraft.stone":9,"stat.killEntity.brute":2,"stat.pickup.mw.shotgun12gauge":111,"stat.jump":457,"stat.useItem.minecraft.wooden_hoe":3,"stat.fallOneCm":538,"stat.drop.minecraft.stone":1,"stat.useItem.mw.duffle_bag":2,"stat.crouchOneCm":4012,"stat.pickup.minecraft.dirt":2,"stat.pickup.mw.t60_helmet":1,"stat.pickup.raiders.brute_serum_sample":2,"stat.boatOneCm":3696,"stat.pickup.mw.srs99":1,"stat.pickup.mw.ncr_boots":2,"stat.damageTaken":452,"stat.mineBlock.biomesoplenty.plant_1":2,"stat.mineBlock.biomesoplenty.plant_0":1,"stat.pickup.minecraft.planks":1,"stat.pickup.mw.t60_boots":1,"stat.pickup.minecraft.concrete":1,"stat.pickup.minecraft.wheat_seeds":2,"stat.drop.mw.m40a6mag_2":1,"stat.damageDealt":1297,"stat.killEntity.Pig":1,"stat.pickup.mw.remington870":4,"stat.walkOneCm":610666,"stat.pickup.minecraft.stick":12,"stat.drop.mw.swat_truck":1,"stat.pickup.mw.mkvi_main_helmet":4,"stat.drop.minecraft.rotten_flesh":1,"stat.useItem.minecraft.log":41,"stat.pickup.mw.mkvi_main_boots":1,"stat.pickup.minecraft.log":14,"stat.drop.minecraft.sign":1,"stat.pickup.minecraft.stone":1,"stat.pickup.mw.t60_chest":1,"stat.killEntity.Skeleton":2,"stat.killEntity.Chicken":1,"stat.killEntity.Spider":3,"stat.mobKills":32,"stat.useItem.biomesoplenty.dirt":225,"stat.drop.mw.hanging_body":1,"stat.pickup.biomesoplenty.dirt":35,"stat.sneakTime":9329,"stat.pickup.minecraft.wool":2,"stat.pickup.mw.ncr_chest":2,"stat.pickup.mw.desk_shelf_alt1":1}