{"stat.useItem.minecraft.bow":48,"stat.useItem.minecraft.painting":1,"stat.leaveGame":47,"stat.drop.minecraft.gunpowder":6,"stat.pickup.minecraft.jungle_fence":4,"stat.useItem.mw.mininuke":4,"stat.drop.forge.bucketfilled":1,"stat.pickup.mw.bullet762x54":3,"stat.killEntity.licker":3,"stat.pickup.mw.bullet762x51":960,"stat.useItem.betterbuilderswands.wandunbreakable":30,"stat.drop.mw.mkvi_main_chest":1,"stat.pickup.minecraft.rotten_flesh":174,"stat.drop.minecraft.redstone_torch":1,"stat.drop.biomesoplenty.grass":8,"stat.pickup.mw.bfg_9000":3,"stat.pickup.minecraft.brick_block":1,"stat.useItem.minecraft.vine":52,"stat.drop.minecraft.brick_block":2,"stat.pickup.minecraft.cobblestone_wall":3,"stat.killEntity.Enderman":1,"stat.drop.mw.bullet500":94,"stat.pickup.minecraft.brown_mushroom":1,"stat.pickup.minecraft.mob_spawner":1,"stat.drop.minecraft.tnt":3,"stat.drop.mw.doom_chest":1,"stat.pickup.minecraft.stained_hardened_clay":4,"stat.pickup.securitycraft.secret_sign_item":1,"stat.drop.mw.filingcabinet_opened":1,"stat.drop.minecraft.wooden_shovel":1,"stat.drop.mw.mkvidefault_chest":1,"stat.furnaceInteraction":10,"stat.pickup.mw.filingcabinet_opened":1,"stat.killEntity.ZombieVillager":4,"stat.drop.minecraft.red_flower":1,"stat.pickup.mw.vss_vintorez":1,"stat.drop.minecraft.light_weighted_pressure_plate":1,"stat.drop.minecraft.furnace":19,"stat.drop.minecraft.lead":63,"stat.pickup.minecraft.potion":4,"stat.useItem.minecraft.flint_and_steel":153,"stat.useItem.minecraft.dye":86,"stat.pickup.minecraft.lever":2,"stat.deaths":9,"stat.pickup.minecraft.egg":74,"stat.drop.securitycraft.keypad_item":1,"stat.drop.biomesoplenty.palm_stairs":1,"stat.drop.minecraft.torch":8,"stat.drop.minecraft.glass_bottle":64,"stat.pickup.minecraft.cooked_mutton":9,"stat.chestOpened":149,"stat.useItem.minecraft.splash_potion":2,"stat.pickup.biomesoplenty.sacred_oak_fence":1,"stat.pickup.mw.swat_chest":1,"stat.useItem.minecraft.stone":20,"stat.pickup.dynamictreesbop.deadbranch":1,"stat.pickup.minecraft.arrow":6,"stat.pickup.minecraft.carrot":1,"stat.useItem.biomesoplenty.fir_door":7,"stat.crouchOneCm":83270,"stat.useItem.biomesoplenty.plant_0":3,"stat.pickup.mw.barrier":1,"stat.pickup.minecraft.painting":3,"stat.useItem.biomesoplenty.plant_1":89,"stat.craftingTableInteraction":5,"stat.pickup.mw.mkvidefault_helmet":1,"stat.useItem.mw.bfg_9000":19,"stat.mineBlock.biomesoplenty.plant_1":1,"stat.pickup.minecraft.dye":29,"stat.pickup.biomesoplenty.plant_1":2,"stat.pickup.biomesoplenty.plant_0":2,"stat.drop.minecraft.jungle_fence":5,"stat.pickup.minecraft.wheat_seeds":68,"stat.drop.securitycraft.reinforced_stone_button":2,"stat.drop.minecraft.carpet":3,"stat.pickup.mw.remington870":5,"stat.flowerPotted":2,"stat.pickup.securitycraft.keycard_reader":1,"stat.drop.minecraft.paper":38,"stat.drop.mw.desk_middle":1,"stat.pickup.mw.mkvi_main_helmet":2,"stat.drop.minecraft.brewing_stand":1,"stat.drop.minecraft.rotten_flesh":98,"stat.pickup.spartanweaponry.rapier_steel":1,"stat.pickup.mw.mkvidefault_chest":2,"stat.drop.minecraft.iron_door":1,"stat.drop.minecraft.coal_ore":2,"stat.drop.minecraft.chicken":2,"stat.drop.minecraft.iron_ore":3,"stat.drop.minecraft.sapling":64,"stat.pickup.minecraft.chicken":13,"stat.pickup.mw.bullet9x39mm":3,"stat.drop.biomesoplenty.umbran_fence":1,"stat.drop.minecraft.trapped_chest":1,"stat.itemEnchanted":2,"stat.useItem.minecraft.stonebrick":183,"stat.pickup.minecraft.book":64,"stat.useItem.minecraft.monster_egg":92,"stat.pickup.biomesoplenty.dirt":54,"stat.pickup.minecraft.red_flower":3,"stat.pickup.minecraft.wool":65,"stat.drop.mw.har_27":1,"stat.drop.minecraft.grass":7,"stat.drop.mw.outdoor_chair":1,"stat.pickup.minecraft.lingering_potion":1,"stat.pickup.mw.santa_chest":1,"stat.killEntity.zombieBlistered":2,"stat.pickup.quark.color_slime":7,"stat.pickup.minecraft.flower_pot":1,"stat.drop.biomesoplenty.magic_fence":1,"stat.pickup.mw.filingcabinet":1,"stat.pickup.minecraft.enchanted_book":8,"stat.pickup.minecraft.glowstone":3,"stat.drop.minecraft.cobblestone":25,"stat.pickup.minecraft.cooked_porkchop":8,"stat.pickup.minecraft.writable_book":1,"stat.useItem.minecraft.stone_slab2":16090,"stat.drop.minecraft.end_crystal":1,"stat.useItem.mw.wooden_crate":15,"stat.drop.minecraft.golden_helmet":2,"stat.useItem.minecraft.egg":81,"stat.drop.mw.sulfurore":1,"stat.pickup.minecraft.coal_ore":1,"stat.pickup.minecraft.grass_path":2,"stat.drop.biomesoplenty.grass_path":2,"stat.drop.mw.desk_right_alt1":1,"stat.pickup.minecraft.diamond_leggings":1,"stat.flyOneCm":6653745,"stat.drop.minecraft.snow_layer":2,"stat.timeSinceDeath":123186,"stat.cauldronFilled":1,"stat.drop.betterbuilderswands.wandunbreakable":1,"stat.drop.mw.remington870":1,"stat.killEntity.Bat":1,"stat.pickup.mw.merc_helmet":1,"stat.pickup.minecraft.chainmail_helmet":1,"stat.drop.minecraft.stained_glass":9,"stat.drop.minecraft.flint_and_steel":9,"stat.drop.minecraft.wool":12,"stat.killEntity.Creeper":13,"stat.drop.securitycraft.reinforced_stairs_stone":1,"stat.drop.minecraft.spawn_egg":17,"stat.pickup.minecraft.string":8,"stat.useItem.minecraft.milk_bucket":5,"stat.killEntity.Squid":3,"stat.sprintOneCm":141985,"stat.useItem.minecraft.diamond_shovel":222,"stat.drop.minecraft.leather":2,"stat.useItem.securitycraft.keypad_item":6,"stat.drop.mw.dumpster":1,"stat.drop.minecraft.cobblestone_wall":7,"stat.pickup.minecraft.spawn_egg":1,"stat.pickup.minecraft.vine":2,"stat.useItem.minecraft.ladder":5,"stat.drop.mw.tinore":2,"stat.killEntity.Zombie":131,"stat.diveOneCm":21626,"stat.drop.mw.desk_shelf_alt1":1,"stat.pickup.minecraft.sign":6,"stat.drop.mw.bullet762x51":18,"stat.drop.minecraft.ladder":3,"stat.drop.minecraft.golden_shovel":1,"stat.useItem.minecraft.rotten_flesh":3,"stat.jump":3421,"stat.pickup.minecraft.iron_ingot":2,"stat.drop.minecraft.diamond_sword":3,"stat.pickup.minecraft.gunpowder":11,"stat.pickup.minecraft.dirt":20,"stat.drop.minecraft.glowstone":1,"stat.drop.minecraft.gold_block":55,"stat.pickup.biomesoplenty.grass":2,"stat.brewingstandInteraction":2,"stat.damageTaken":3634,"stat.mineBlock.minecraft.torch":1,"stat.useItem.minecraft.gold_block":16,"stat.drop.minecraft.nether_brick_fence":2,"stat.useItem.forge.bucketfilled":1,"stat.drop.mw.copperore":2,"stat.drop.minecraft.mob_spawner":1,"stat.drop.biomesoplenty.plant_0":2,"stat.drop.mw.bfgammo":120,"stat.drop.dynamictreesbop.deadbranch":2,"stat.drop.mw.desk_corner_alt1":1,"stat.useItem.biomesoplenty.log_4":11,"stat.drop.minecraft.item_frame":1,"stat.pickup.mw.mkvi_main_boots":2,"stat.drop.minecraft.netherrack":1,"stat.drop.biomesoplenty.sapling_0":1,"stat.useItem.minecraft.stained_hardened_clay":4,"stat.pickup.minecraft.ladder":2,"stat.pickup.minecraft.cooked_beef":7,"stat.drop.mw.bullet762x39":52,"stat.drop.minecraft.lever":1,"stat.mobKills":245,"stat.pickup.securitycraft.reinforced_stone_button":1,"stat.drop.biomesoplenty.dirt":9,"stat.useItem.minecraft.writable_book":13,"stat.drop.mw.shotgun12gauge":172,"stat.pickup.minecraft.torch":23,"stat.drop.minecraft.diamond_shovel":1,"stat.drop.minecraft.arrow":4,"stat.drop.minecraft.armor_stand":2,"stat.drop.minecraft.mutton":11,"stat.drop.spartanweaponry.bolt_tipped":28,"stat.useItem.minecraft.bookshelf":8,"stat.useItem.minecraft.lead":4,"stat.pickup.mw.duelfloodlight":1,"stat.pickup.mw.flash":3,"stat.drop.minecraft.trapdoor":1,"stat.drop.minecraft.skull":1,"stat.useItem.minecraft.golden_shovel":68,"stat.drop.minecraft.wooden_door":4,"stat.pickup.mw.bullet3006springfield":3,"stat.useItem.minecraft.water_bucket":265,"stat.useItem.minecraft.golden_sword":5,"stat.pickup.minecraft.splash_potion":6,"stat.pickup.mw.mkvidefault_boots":1,"stat.drop.minecraft.map":4,"stat.pickup.minecraft.name_tag":1,"stat.pickup.dynamictrees.spruceseed":2,"stat.pickup.mw.gasgrenade":2,"stat.drop.mw.m40a6":1,"stat.useItem.minecraft.spawn_egg":36,"stat.pickup.minecraft.armor_stand":1,"stat.trappedChestTriggered":25,"stat.drop.minecraft.stone_slab":3,"stat.pickup.minecraft.filled_map":13,"stat.pickup.minecraft.furnace":12,"stat.drop.mw.filingcabinet":1,"stat.drop.minecraft.stained_hardened_clay":1,"stat.drop.minecraft.monster_egg":2,"stat.drop.biomesoplenty.planks_0":66,"stat.pickup.minecraft.end_rod":2,"stat.pickup.minecraft.skull":1,"stat.killEntity.Horse":1,"stat.pickup.minecraft.stone_stairs":1,"stat.useItem.betterbuilderswands.wanddiamond":341,"stat.pickup.minecraft.pumpkin_seeds":65,"stat.drop.mw.forklift_alt":1,"stat.playOneMinute":1501967,"stat.pickup.minecraft.blaze_rod":2,"stat.drop.minecraft.string":4,"stat.drop.mw.ncr_chest":1,"stat.drop.mw.desk_middle_alt1":1,"stat.drop.minecraft.chest":6,"stat.pickup.minecraft.iron_bars":2,"stat.pickup.minecraft.dispenser":1,"stat.pickup.minecraft.netherrack":1,"stat.drop.mw.barrier":2,"stat.pickup.mw.m40gasmask_helmet":1,"stat.pickup.minecraft.cooked_chicken":6,"stat.fallOneCm":12377,"stat.drop.minecraft.stone":12,"stat.drop.minecraft.dye":1,"stat.pickup.minecraft.melon_seeds":1,"stat.drop.mw.bfg_9000":2,"stat.pickup.minecraft.red_mushroom":65,"stat.drop.minecraft.stained_glass_pane":5,"stat.pickup.minecraft.milk_bucket":1,"stat.pickup.mw.m67frag":1,"stat.pickup.mw.ncr_boots":1,"stat.pickup.minecraft.feather":9,"stat.drop.minecraft.bone":6,"stat.drop.minecraft.concrete":2,"stat.useItem.mw.m60mag":1,"stat.pickup.minecraft.lead":3,"stat.drop.biomesoplenty.sacred_oak_door":1,"stat.useItem.minecraft.wool":11,"stat.drop.minecraft.stick":5,"stat.drop.securitycraft.reinforced_glass_pane":1,"stat.pickup.minecraft.flint_and_steel":7,"stat.useItem.minecraft.torch":149,"stat.pickup.minecraft.golden_apple":5,"stat.drop.minecraft.stone_brick_stairs":1,"stat.drop.mw.mkvi_main_helmet":2,"stat.useItem.minecraft.log":1,"stat.pickup.minecraft.log":15,"stat.drop.minecraft.sign":3,"stat.drop.minecraft.stonebrick":9,"stat.drop.minecraft.planks":2,"stat.pickup.mw.bullet357":4,"stat.pickup.minecraft.wooden_door":2,"stat.drop.mw.barrel":2,"stat.drop.minecraft.grass_path":2,"stat.drop.mw.mkvi_main_boots":1,"stat.useItem.spartanweaponry.rapier_steel":1,"stat.drop.minecraft.birch_door":1,"stat.sneakTime":61966,"stat.drop.minecraft.bucket":17,"stat.pickup.mw.ncr_chest":2,"stat.pickup.mw.desk_shelf_alt2":1,"stat.pickup.minecraft.chest":2,"stat.pickup.mw.ak47":1,"stat.pickup.minecraft.bone":10,"stat.pickup.minecraft.redstone_torch":1,"stat.pickup.biomesoplenty.fir_door":3,"stat.useItem.minecraft.diamond_sword":240,"stat.pickup.mw.bullet792x33kurz":3,"stat.drop.securitycraft.keycard_reader":3,"stat.swimOneCm":38718,"stat.climbOneCm":34721,"stat.useItem.minecraft.end_rod":3,"stat.pickup.mw.doom_chest":1,"stat.useItem.minecraft.dirt":10,"stat.pickup.minecraft.golden_helmet":1,"stat.drop.minecraft.writable_book":1,"stat.useItem.minecraft.red_flower":9,"stat.pickup.minecraft.cooked_rabbit":5,"stat.drop.minecraft.web":2,"stat.drop.minecraft.iron_trapdoor":3,"stat.drop.mw.shotgun4g":64,"stat.pickup.mw.shotgunrail":2,"stat.pickup.minecraft.cobblestone":35,"stat.drop.minecraft.fence":1,"stat.drop.minecraft.wheat_seeds":1,"stat.drop.mw.mkvidefault_helmet":1,"stat.useItem.minecraft.sign":1,"stat.drop.minecraft.log":2,"stat.pickup.minecraft.mutton":127,"stat.drop.minecraft.name_tag":3,"stat.useItem.minecraft.lever":7,"stat.drop.minecraft.iron_bars":3,"stat.pickup.minecraft.stonebrick":1,"stat.pickup.minecraft.redstone_lamp":1,"stat.drop.minecraft.dirt":5,"stat.pickup.mw.bullet500":47,"stat.pickup.minecraft.carpet":3,"stat.pickup.minecraft.diamond_shovel":4,"stat.pickup.minecraft.snow_layer":1,"stat.drop.minecraft.log2":1,"stat.drop.minecraft.anvil":1,"stat.pickup.minecraft.paper":96,"stat.pickup.mw.bullet40sw":3,"stat.drop.minecraft.potion":1,"stat.useItem.minecraft.stone_slab":19,"stat.pickup.minecraft.grass":3,"stat.pickup.mw.mkvi_main_chest":1,"stat.useItem.biomesoplenty.willow_vine":8,"stat.useItem.minecraft.wooden_shovel":41,"stat.drop":397,"stat.drop.mw.explosive_barrel":1,"stat.pickup.minecraft.stone_button":1,"stat.killEntity.Sheep":19,"stat.drop.biomesoplenty.willow_vine":1,"stat.pickup.mw.shotgun12gauge":485,"stat.useItem.minecraft.potion":1,"stat.pickup.minecraft.diamond_sword":3,"stat.useItem.minecraft.flower_pot":2,"stat.pickup.mw.t60_helmet":1,"stat.killEntity.bandit1":2,"stat.drop.minecraft.bed":1,"stat.drop.minecraft.glass":1,"stat.pickup.minecraft.iron_ore":1,"stat.pickup.biomesoplenty.wood_slab_0":1,"stat.pickup.minecraft.leather":2,"stat.useItem.mw.remington700chassis":1,"stat.dispenserInspected":13,"stat.drop.minecraft.water_bucket":1,"stat.pickup.mw.spec_ops_helmet":1,"stat.pickup.mw.bfgammo":115,"stat.drop.mw.mkvidefault_boots":1,"stat.killEntity.Defiled Zombie":2,"stat.pickup.minecraft.stained_glass":4,"stat.damageDealt":23491,"stat.sleepInBed":6,"stat.walkOneCm":2294681,"stat.playerKills":3,"stat.pickup.minecraft.stick":15,"stat.drop.minecraft.vine":3,"stat.pickup.mw.shotgun4g":259,"stat.drop.mw.home_chair":1,"stat.pickup.minecraft.stone":4,"stat.mineBlock.minecraft.wool":8,"stat.killEntity.Skeleton":10,"stat.pickup.biomesoplenty.log_4":21,"stat.useItem.betterbuilderswands.wandiron":278,"stat.killEntity.Chicken":5,"stat.drop.mw.tactical_helmet":1,"stat.useItem.biomesoplenty.planks_0":69,"stat.killEntity.Spider":6,"stat.drop.minecraft.end_rod":3,"stat.drop.minecraft.filled_map":12,"stat.drop.biomesoplenty.log_4":1,"stat.useItem.minecraft.golden_apple":1,"stat.drop.mw.impaled_body":1,"stat.useItem.minecraft.map":4,"stat.useItem.mw.barrier":5}