{"stat.pickup.mw.fatman":2,"stat.pickup.minecraft.bone":3,"stat.useItem.minecraft.quartz_block":402,"stat.pickup.minecraft.redstone_torch":3,"stat.leaveGame":14,"stat.useItem.minecraft.diamond_sword":11,"stat.useItem.mw.mininuke":3,"stat.pickup.mw.flash":3,"stat.swimOneCm":2795,"stat.climbOneCm":4723,"stat.useItem.minecraft.fire_charge":14,"stat.pickup.minecraft.porkchop":1,"stat.pickup.minecraft.writable_book":3,"stat.useItem.minecraft.stone_slab2":3970,"stat.useItem.betterbuilderswands.wandunbreakable":32,"stat.pickup.minecraft.rotten_flesh":33,"stat.pickup.raiders.brute_serum":3,"stat.useItem.minecraft.diamond_hoe":1,"stat.pickup.mw.wcam":1,"stat.pickup.mw.mkv_green_odst_boots":1,"stat.killEntity.witch":1,"stat.pickup.minecraft.anvil":1,"stat.pickup.minecraft.name_tag":2,"stat.drop.minecraft.ender_pearl":1,"stat.killEntity.Enderman":2,"stat.pickup.minecraft.diamond_leggings":1,"stat.flyOneCm":1377132,"stat.pickup.dynamictrees.spruceseed":5,"stat.useItem.minecraft.ender_pearl":20,"stat.killEntity.Witch":1,"stat.killEntity.Villager":5,"stat.pickup.minecraft.redstone":8,"stat.timeSinceDeath":216140,"stat.useItem.minecraft.sign":1,"stat.useItem.minecraft.spawn_egg":65,"stat.pickup.minecraft.mutton":1,"stat.drop.minecraft.name_tag":1,"stat.useItem.minecraft.iron_door":4,"stat.useItem.minecraft.lever":6,"stat.pickup.minecraft.dark_oak_door":1,"stat.pickup.minecraft.light_weighted_pressure_plate":1,"stat.pickup.minecraft.stonebrick":2,"stat.drop.mw.flash":1,"stat.killEntity.ZombieVillager":6,"stat.pickup.minecraft.string":3,"stat.pickup.minecraft.filled_map":12,"stat.useItem.minecraft.redstone":92,"stat.useItem.minecraft.milk_bucket":5,"stat.useItem.minecraft.golden_axe":15,"stat.sprintOneCm":123889,"stat.pickup.minecraft.skull":1,"stat.drop.minecraft.potion":1,"stat.pickup.mw.home_chair":1,"stat.pickup.mw.doom_boots":1,"stat.killEntity.Endermite":2,"stat.pickup.minecraft.lever":2,"stat.deaths":7,"stat.drop":11,"stat.pickup.minecraft.egg":1,"stat.playOneMinute":454320,"stat.pickup.minecraft.stone_button":1,"stat.useItem.minecraft.ladder":1,"stat.pickup.minecraft.iron_block":1,"stat.killEntity.Zombie":8,"stat.pickup.minecraft.item_frame":1,"stat.pickup.minecraft.dispenser":2,"stat.pickup.securitycraft.camera_monitor":1,"stat.useItem.securitycraft.camera_monitor":14,"stat.diveOneCm":1308,"stat.chestOpened":22,"stat.useItem.minecraft.splash_potion":3,"stat.pickup.minecraft.sign":3,"stat.killEntity.hazmat_zombie":1,"stat.pickup.minecraft.iron_sword":1,"stat.pickup.minecraft.arrow":4,"stat.pickup.biomesoplenty.umbran_door":1,"stat.useItem.minecraft.diamond_axe":72,"stat.pickup.mw.camera_rotated":1,"stat.useItem.minecraft.potion":11,"stat.pickup.minecraft.diamond_sword":1,"stat.jump":1135,"stat.pickup.minecraft.coal":7,"stat.fallOneCm":833,"stat.drop.minecraft.stone":1,"stat.drop.minecraft.diamond_sword":1,"stat.crouchOneCm":6091,"stat.drop.mw.duelfloodlight":1,"stat.pickup.mw.desk_middle":1,"stat.pickup.raiders.brute_serum_sample":1,"stat.drop.minecraft.milk_bucket":1,"stat.pickup.minecraft.milk_bucket":4,"stat.damageTaken":2517,"stat.pickup.minecraft.feather":2,"stat.dispenserInspected":4,"stat.mineBlock.biomesoplenty.plant_0":1,"stat.pickup.mw.bfgammo":147,"stat.pickup.mw.sulfurore":2,"stat.pickup.minecraft.bed":3,"stat.killEntity.zombieRipper":1,"stat.pickup.mw.t60_boots":1,"stat.pickup.minecraft.concrete":1,"stat.pickup.minecraft.wheat_seeds":2,"stat.pickup.minecraft.quartz_block":1,"stat.killEntity.Defiled Zombie":1,"stat.damageDealt":7055,"stat.useItem.minecraft.wool":8,"stat.drop.minecraft.mob_spawner":1,"stat.useItem.minecraft.iron_bars":21,"stat.walkOneCm":1187961,"stat.playerKills":1,"stat.pickup.minecraft.stick":20,"stat.useItem.mw.tablet":4,"stat.pickup.minecraft.rabbit_foot":1,"stat.pickup.minecraft.log":43,"stat.drop.minecraft.iron_block":1,"stat.useItem.biomesoplenty.umbran_door":2,"stat.pickup.mw.mininuke":2,"stat.pickup.minecraft.stone":1,"stat.killEntity.tornzombie":2,"stat.pickup.mw.t60_chest":1,"stat.pickup.minecraft.ender_pearl":2,"stat.useItem.minecraft.redstone_ore":2,"stat.pickup.minecraft.ladder":1,"stat.killEntity.Skeleton":1,"stat.useItem.mw.wcam":5,"stat.pickup.minecraft.bread":7,"stat.mobKills":37,"stat.useItem.mw.bfgammo":4,"stat.pickup.minecraft.iron_door":2,"stat.useItem.minecraft.writable_book":25,"stat.pickup.biomesoplenty.dirt":2,"stat.pickup.mw.office_chair":1,"stat.sneakTime":3999,"stat.pickup.minecraft.wool":28,"stat.pickup.raiders.sat_transmitter_part":1,"stat.pickup.minecraft.lava_bucket":1,"stat.drop.minecraft.quartz_block":1}