{"stat.chestOpened":7,"stat.walkOneCm":198768,"stat.pickup.minecraft.spruce_door":1,"stat.leaveGame":4,"stat.pickup.minecraft.string":1,"stat.flyOneCm":751249,"stat.useItem.minecraft.spruce_door":1,"stat.pickup.minecraft.wheat_seeds":3,"stat.jump":149,"stat.swimOneCm":336,"stat.playOneMinute":54670,"stat.climbOneCm":877,"stat.pickup.minecraft.torch":1,"stat.sneakTime":1499,"stat.damageDealt":28,"stat.crouchOneCm":1336,"stat.timeSinceDeath":54670,"stat.sprintOneCm":47685,"stat.useItem.minecraft.stone_slab2":785,"stat.useItem.minecraft.spawn_egg":370,"stat.useItem.minecraft.water_bucket":6}