{"stat.pickup.minecraft.bone":4,"stat.pickup.minecraft.wooden_slab":3,"stat.pickup.raiders.backup_transmitter":1,"stat.pickup.minecraft.redstone_torch":1,"stat.leaveGame":28,"stat.useItem.minecraft.skull":1,"stat.pickup.biomesoplenty.sacred_oak_door":1,"stat.useItem.minecraft.diamond_sword":29,"stat.swimOneCm":23642,"stat.climbOneCm":3044,"stat.useItem.minecraft.planks":2,"stat.pickup.minecraft.writable_book":1,"stat.pickup.mw.doom_chest":2,"stat.pickup.minecraft.golden_helmet":1,"stat.drop.minecraft.writable_book":1,"stat.useItem.minecraft.stone_slab2":7769,"stat.pickup.minecraft.bow":1,"stat.useItem.betterbuilderswands.wandunbreakable":9,"stat.useItem.minecraft.water_bucket":59,"stat.pickup.minecraft.rotten_flesh":23,"stat.useItem.minecraft.diamond_hoe":2,"stat.pickup.mw.bfg_9000":4,"stat.pickup.minecraft.map":3,"stat.pickup.minecraft.golden_axe":1,"stat.pickup.mw.mkvidefault_boots":1,"stat.pickup.minecraft.name_tag":2,"stat.pickup.minecraft.cobblestone":20,"stat.pickup.mw.doom_helmet":3,"stat.flyOneCm":7067087,"stat.useItem.minecraft.ender_pearl":2,"stat.pickup.minecraft.glass_bottle":11,"stat.pickup.minecraft.mob_spawner":1,"stat.pickup.minecraft.redstone":5,"stat.timeSinceDeath":101952,"stat.useItem.minecraft.fence_gate":1,"stat.useItem.minecraft.sign":2,"stat.useItem.minecraft.spawn_egg":216,"stat.pickup.minecraft.stained_hardened_clay":3,"stat.pickup.minecraft.mutton":3,"stat.drop.minecraft.name_tag":2,"stat.trappedChestTriggered":43,"stat.pickup.minecraft.dark_oak_door":4,"stat.pickup.minecraft.spruce_fence":5,"stat.pickup.minecraft.redstone_lamp":1,"stat.pickup.minecraft.carpet":2,"stat.pickup.minecraft.string":9,"stat.pickup.minecraft.filled_map":9,"stat.useItem.minecraft.milk_bucket":2,"stat.useItem.minecraft.golden_axe":7,"stat.useItem.minecraft.written_book":1,"stat.sprintOneCm":69606,"stat.pickup.minecraft.paper":32,"stat.pickup.minecraft.skull":3,"stat.pickup.mw.doom_boots":2,"stat.useItem.minecraft.dark_oak_door":2,"stat.useItem.minecraft.stone_slab":18,"stat.pickup.minecraft.potion":1,"stat.useItem.minecraft.flint_and_steel":9,"stat.pickup.minecraft.grass":1,"stat.pickup.minecraft.spawn_egg":1,"stat.pickup.minecraft.lever":1,"stat.deaths":3,"stat.drop":8,"stat.playOneMinute":962954,"stat.useItem.minecraft.banner":4,"stat.killEntity.Sheep":2,"stat.killEntity.Zombie":5,"stat.pickup.minecraft.item_frame":1,"stat.pickup.minecraft.dispenser":1,"stat.diveOneCm":15078,"stat.chestOpened":105,"stat.pickup.minecraft.sign":3,"stat.pickup.minecraft.arrow":3,"stat.pickup.minecraft.wooden_pressure_plate":1,"stat.killEntity.brute":1,"stat.useItem.minecraft.carpet":32,"stat.useItem.minecraft.potion":3,"stat.pickup.minecraft.brick_stairs":1,"stat.jump":1179,"stat.pickup.minecraft.carrot":1,"stat.pickup.minecraft.gunpowder":2,"stat.crouchOneCm":24497,"stat.pickup.minecraft.spider_eye":1,"stat.useItem.minecraft.nether_brick_fence":10,"stat.drop.mw.bfg_9000":1,"stat.pickup.minecraft.dirt":18,"stat.pickup.mw.mkvidefault_helmet":1,"stat.pickup.minecraft.milk_bucket":1,"stat.boatOneCm":6880,"stat.pickup.minecraft.iron_axe":1,"stat.pickup.biomesoplenty.grass":1,"stat.damageTaken":350,"stat.pickup.minecraft.feather":4,"stat.dispenserInspected":3,"stat.pickup.mw.bfgammo":32,"stat.pickup.minecraft.dye":4,"stat.pickup.minecraft.planks":5,"stat.pickup.biomesoplenty.plant_0":1,"stat.killEntity.zombieRipper":1,"stat.pickup.mw.swat_truck":1,"stat.pickup.minecraft.concrete":2,"stat.pickup.minecraft.wheat_seeds":2,"stat.killEntity.Shulker":1,"stat.pickup.minecraft.stained_glass":2,"stat.damageDealt":3880,"stat.sleepInBed":1,"stat.useItem.biomesoplenty.boat_ebony":1,"stat.drop.biomesoplenty.plant_0":1,"stat.pickup.minecraft.shulker_shell":1,"stat.pickup.mw.remington870":2,"stat.walkOneCm":984348,"stat.pickup.minecraft.stick":7,"stat.pickup.mw.mkvidefault_chest":2,"stat.useItem.minecraft.cobblestone":12,"stat.useItem.minecraft.lava_bucket":28,"stat.pickup.minecraft.redstone_block":1,"stat.pickup.minecraft.stone":7,"stat.killEntity.tornzombie":1,"stat.pickup.biomesoplenty.grass_path":1,"stat.pickup.minecraft.ender_pearl":1,"stat.killEntity.Skeleton":2,"stat.killEntity.Spider":2,"stat.drop.minecraft.filled_map":3,"stat.mobKills":20,"stat.useItem.biomesoplenty.dirt":6,"stat.pickup.minecraft.golden_shovel":1,"stat.useItem.minecraft.writable_book":1,"stat.pickup.biomesoplenty.dirt":157,"stat.pickup.minecraft.torch":1,"stat.pickup.minecraft.red_flower":1,"stat.sneakTime":25101,"stat.pickup.minecraft.wool":3,"stat.useItem.minecraft.map":12,"stat.pickup.minecraft.stone_slab":1}